{
  "nodes": [{
      "oid": 0,
      "type": "Business"
    },
    {
      "oid": 1,
      "type": "Server",
      "OS": "Windows"
    },
    {
      "oid": 2,
      "type": "Server",
      "OS": "Windows"
    },
    {
      "oid": 3,
      "type": "Server",
      "OS": "Linux"
    },
    {
      "oid": 4,
      "type": "Server",
      "OS": "Linux"
    },
    {
      "oid": 5,
      "type": "Server",
      "OS": "Linux"
    },
    {
      "oid": 6,
      "type": "Server",
      "OS": "Linux"
    },
    {
      "oid": 7,
      "type": "Server",
      "OS": "Linux"
    },
    {
      "oid": 8,
      "type": "Terminal",
      "OS": "Windows"
    },
    {
      "oid": 9,
      "type": "Terminal",
      "OS": "Windows"
    },
    {
      "oid": 10,
      "type": "Terminal",
      "OS": "Linux"
    },
    {
      "oid": 11,
      "type": "Terminal",
      "OS": "Linux"
    },
    {
      "oid": 12,
      "type": "Terminal",
      "OS": "Linux"
    },
    {
      "oid": 13,
      "type": "Terminal",
      "OS": "OSX"
    },
    {
      "oid": 14,
      "type": "Terminal",
      "OS": "OSX"
    },
    {
      "oid": 15,
      "type": "Terminal",
      "OS": "OSX"
    },
    {
      "oid": 16,
      "type": "Terminal",
      "OS": "OSX"
    },
    {
      "oid": 17,
      "type": "Terminal",
      "OS": "OSX"
    },
    {
      "oid": 18,
      "type": "Terminal",
      "OS": "OSX"
    }
  ],
  "links": [
    [1, 9],
    [1, 11],
    [2, 11],
    [0, 7],
    [0, 4],
    [0, 5],
    [0, 6],
    [1, 10],
    [1, 8],
    [14, 15],
    [3, 12],
    [3, 13],
    [2, 10],
    [10, 14],
    [4, 17],
    [0, 1],
    [0, 2],
    [0, 3],
    [15, 16],
    [0, 18]
  ]
}