{
  "nodesCount": 63,
  "relationshipsCount": 65,
  "nodes": {
    "ProductInstance": [{
      "systemClassName": "ComputerSystem",
      "systemDescr": "hadm-kube-worker-10",
      "model": "NTP Service",
      "systemOid": "d131adbe193db59acc1db36b6910ce59",
      "oid": "3e58ecda1fe495197a5b74188c7477f",
      "shortDescr": "NTP Service",
      "className": "ProductInstance",
      "manufacturer": "GenericVendor",
      "type": "MessagingServer"
    }, {
      "systemClassName": "ComputerSystem",
      "systemDescr": "hadm-kube-worker-10",
      "model": "NGINX Server",
      "systemOid": "d131adbe193db59acc1db36b6910ce59",
      "oid": "6b8cd981de535b9b8b0baaeb7e8c5c",
      "containerOid": "7e3825a25c778ac07610c14d77b85c",
      "containerDescr": "/k8s_ui-nxt_ui-nxt-6c9f95465b-sfjhq_qa-env_cb568c85-a6bf-11e8-8660-005056b73fae_0",
      "className": "ProductInstance",
      "manufacturer": "Open Source",
      "type": "WebServer"
    }, {
      "systemClassName": "ComputerSystem",
      "systemDescr": "hadm-kube-worker-10",
      "model": "NGINX Server",
      "systemOid": "d131adbe193db59acc1db36b6910ce59",
      "oid": "119514b392a5784d965ceb98f3dbc",
      "containerOid": "766a1d902a7c4176fdf37295f47f49f",
      "containerDescr": "/k8s_zipkin-ui_zipkin-ui-66bcf6c94-rjqmb_qa-env_a6595523-9a25-11e8-acc4-005056b73fae_1",
      "className": "ProductInstance",
      "manufacturer": "Open Source",
      "type": "WebServer"
    }, {
      "systemClassName": "ComputerSystem",
      "systemDescr": "hadm-kube-worker-10",
      "model": "Postfix",
      "systemOid": "d131adbe193db59acc1db36b6910ce59",
      "oid": "bb5dd9ed0fbe828af9bc0781e8ef96",
      "shortDescr": "Postfix MTA",
      "className": "ProductInstance",
      "manufacturer": "Open Source",
      "type": "MailServer"
    }, {
      "systemClassName": "ComputerSystem",
      "systemDescr": "hadm-kube-worker-10",
      "model": "NGINX Server",
      "systemOid": "d131adbe193db59acc1db36b6910ce59",
      "oid": "ad34887737c96d863295a6667f236989",
      "containerOid": "d6ace1fb89d4e91f206b5b2d68e98",
      "containerDescr": "/k8s_nginx-proxy_nginx-proxy-hadm-kube-worker-10_kube-system_921661799412eb721a9cc4d4ad76b5eb_5",
      "className": "ProductInstance",
      "manufacturer": "Open Source",
      "type": "WebServer"
    }],
    "ComputerSystem": [{
      "IPAddressList": "10.233.74.1,172.17.0.1,172.29.21.210",
      "nbOfCoresPerCPU": 1,
      "nbOfCPUs": 4,
      "totalLocalDiskCapacity": 48280637440,
      "oid": "d131adbe193db59acc1db36b6910ce59",
      "hostName": "hadm-kube-worker-10",
      "VMIdentifier": "4237c745-fb57-b052-abfc-c6b80e03a820",
      "CPUModel": "Intel(R) Xeon(R) CPU E5-2667 v3 @ 3.20GHz",
      "shortDescr": "hadm-kube-worker-10",
      "VMState": "Active",
      "systemType": "Virtual",
      "totalPhysicalMemory": 12430692352,
      "className": "ComputerSystem",
      "onlineContainerCount": 33,
      "OSVersion": "\"7\"",
      "OSModel": "\"CentOS Linux\"",
      "type": "Server",
      "OSFamily": "Linux"
    }],
    "Container": [{
      "systemClassName": "ComputerSystem",
      "containerState": "Disabled",
      "containerName": "/k8s_kube-proxy_kube-proxy-hadm-kube-worker-10_kube-system_133dc4c9f3aed4e045ba538570556df7_1",
      "systemDescr": "hadm-kube-worker-10",
      "systemOid": "d131adbe193db59acc1db36b6910ce59",
      "oid": "b48dba38c232e1c0a38aaf8cf622fa",
      "shortDescr": "/k8s_kube-proxy_kube-proxy-hadm-kube-worker-10_kube-system_133dc4c9f3aed4e045ba538570556df7_1",
      "className": "Container",
      "containerId": "bf8b3f0afa0e1e5244ba2a2766cdf1323e5b8027cbee7e2bae2654ed0c31040e"
    }, {
      "systemClassName": "ComputerSystem",
      "containerState": "Disabled",
      "containerName": "/k8s_POD_zipkin-ui-66bcf6c94-rjqmb_qa-env_a6595523-9a25-11e8-acc4-005056b73fae_0",
      "systemDescr": "hadm-kube-worker-10",
      "systemOid": "d131adbe193db59acc1db36b6910ce59",
      "oid": "e3c257ad3b9e81c85a56263de950da",
      "shortDescr": "/k8s_POD_zipkin-ui-66bcf6c94-rjqmb_qa-env_a6595523-9a25-11e8-acc4-005056b73fae_0",
      "className": "Container",
      "containerId": "8a3bbbb338099b4bc25e22938f41de4f812db87f90c8f67c7bab39955d24f07f"
    }, {
      "systemClassName": "ComputerSystem",
      "containerState": "Active",
      "containerName": "/k8s_POD_communication-router-85548cf65d-2z96t_qa-env_3b2c1c03-a5d7-11e8-8660-005056b73fae_0",
      "systemDescr": "hadm-kube-worker-10",
      "systemOid": "d131adbe193db59acc1db36b6910ce59",
      "oid": "5b5b21da2debc7b8dd2bea3d2d69e",
      "shortDescr": "/k8s_POD_communication-router-85548cf65d-2z96t_qa-env_3b2c1c03-a5d7-11e8-8660-005056b73fae_0",
      "containerProcessId": 6112,
      "className": "Container",
      "containerId": "fc2825c466c38f479f68aa7b20c3d8345ed29c8a601f8f1c41dc98e075c33553"
    }, {
      "systemClassName": "ComputerSystem",
      "containerState": "Active",
      "containerName": "/k8s_node-exporter_node-exporter-exporter-node-4j9qr_monitoring_01ae36bf-e4e4-11e7-94c8-005056b73fae_7",
      "systemDescr": "hadm-kube-worker-10",
      "systemOid": "d131adbe193db59acc1db36b6910ce59",
      "oid": "994766debf8c2f55e04ccef3ebb5ff67",
      "shortDescr": "/k8s_node-exporter_node-exporter-exporter-node-4j9qr_monitoring_01ae36bf-e4e4-11e7-94c8-005056b73fae_7",
      "containerProcessId": 2757,
      "className": "Container",
      "containerId": "76bff1fa9657fb3cc4c19120e425ca19d30119c563f95079e5d5e500f7dd8e03"
    }, {
      "systemClassName": "ComputerSystem",
      "containerState": "Disabled",
      "containerName": "/k8s_POD_heapster-v1.5.2-f5695b46b-spwpb_kube-system_d9a96434-492c-11e8-acc4-005056b73fae_2",
      "systemDescr": "hadm-kube-worker-10",
      "systemOid": "d131adbe193db59acc1db36b6910ce59",
      "oid": "59a6db98a43aeb56814874fd4417bd",
      "shortDescr": "/k8s_POD_heapster-v1.5.2-f5695b46b-spwpb_kube-system_d9a96434-492c-11e8-acc4-005056b73fae_2",
      "className": "Container",
      "containerId": "4f108ccba1e91018383c6abdee0ff71701c91e203e9efa1c225b7774e9086604"
    }, {
      "systemClassName": "ComputerSystem",
      "containerState": "Disabled",
      "containerName": "/k8s_kube-flannel_kube-flannel-8f5dd_kube-system_c1041ef2-47b7-11e8-a93e-005056b73fae_2",
      "systemDescr": "hadm-kube-worker-10",
      "systemOid": "d131adbe193db59acc1db36b6910ce59",
      "oid": "803997694a9ee7f5a8242e5667f35526",
      "shortDescr": "/k8s_kube-flannel_kube-flannel-8f5dd_kube-system_c1041ef2-47b7-11e8-a93e-005056b73fae_2",
      "className": "Container",
      "containerId": "63df2d542885f84ec772f6058424042aeea17005be7e157ee1c7cd5d872c616b"
    }, {
      "systemClassName": "ComputerSystem",
      "containerState": "Disabled",
      "containerName": "/k8s_POD_tiller-deploy-7b7c854bc-hhwb7_kube-system_b139c54d-6967-11e8-acc4-005056b73fae_2",
      "systemDescr": "hadm-kube-worker-10",
      "systemOid": "d131adbe193db59acc1db36b6910ce59",
      "oid": "befa3041666a6c347f65a1168b6f27e",
      "shortDescr": "/k8s_POD_tiller-deploy-7b7c854bc-hhwb7_kube-system_b139c54d-6967-11e8-acc4-005056b73fae_2",
      "className": "Container",
      "containerId": "578d81eb2ca0d56d8f62f03ceea3bd58c9ef0f2cd219182f8860629f8979ce3f"
    }, {
      "systemClassName": "ComputerSystem",
      "containerState": "Active",
      "containerName": "/k8s_POD_ci-sqlg-index-iquateqa2-869c84fd97-b4sjl_qa-env_df4362c1-9fa4-11e8-8660-005056b73fae_0",
      "systemDescr": "hadm-kube-worker-10",
      "systemOid": "d131adbe193db59acc1db36b6910ce59",
      "oid": "91dbf5af1fe855733de43efe52cb9162",
      "shortDescr": "/k8s_POD_ci-sqlg-index-iquateqa2-869c84fd97-b4sjl_qa-env_df4362c1-9fa4-11e8-8660-005056b73fae_0",
      "containerProcessId": 23495,
      "className": "Container",
      "containerId": "c927c9452ea07d4515b3dbcd5fc36f1cb67b1aa017a5fc5ea5e071059ce2476c"
    }, {
      "systemClassName": "ComputerSystem",
      "containerState": "Disabled",
      "containerName": "/k8s_POD_node-exporter-exporter-node-4j9qr_monitoring_01ae36bf-e4e4-11e7-94c8-005056b73fae_5",
      "systemDescr": "hadm-kube-worker-10",
      "systemOid": "d131adbe193db59acc1db36b6910ce59",
      "oid": "ea622cee19c094a6615d995c9c18eaa",
      "shortDescr": "/k8s_POD_node-exporter-exporter-node-4j9qr_monitoring_01ae36bf-e4e4-11e7-94c8-005056b73fae_5",
      "className": "Container",
      "containerId": "acba4f805b07b54134a85c5f6a157822e818e47507e2fc6c4f7ae37e2a8c0f7d"
    }, {
      "systemClassName": "ComputerSystem",
      "containerState": "Disabled",
      "containerName": "/k8s_zipkin-core_zipkin-core-669ff74674-plkpt_qa-env_a656c33f-9a25-11e8-acc4-005056b73fae_0",
      "systemDescr": "hadm-kube-worker-10",
      "systemOid": "d131adbe193db59acc1db36b6910ce59",
      "oid": "84fb6255fb86a2ad57491cc6777f1c2",
      "shortDescr": "/k8s_zipkin-core_zipkin-core-669ff74674-plkpt_qa-env_a656c33f-9a25-11e8-acc4-005056b73fae_0",
      "className": "Container",
      "containerId": "c49b7749c27c964ae71a23a9f4f1f97f3820ff658dbefc36a07976724e422e20"
    }, {
      "systemClassName": "ComputerSystem",
      "containerState": "Disabled",
      "containerName": "/k8s_heapster-nanny_heapster-v1.5.2-f5695b46b-spwpb_kube-system_d9a96434-492c-11e8-acc4-005056b73fae_1",
      "systemDescr": "hadm-kube-worker-10",
      "systemOid": "d131adbe193db59acc1db36b6910ce59",
      "oid": "ed6516c7b5d16e8f8719a18e74ae24b8",
      "shortDescr": "/k8s_heapster-nanny_heapster-v1.5.2-f5695b46b-spwpb_kube-system_d9a96434-492c-11e8-acc4-005056b73fae_1",
      "className": "Container",
      "containerId": "9030ee8778f1ea3dc569b254b14c7b292a1935a684b9e86194c1ed418f837d7c"
    }, {
      "systemClassName": "ComputerSystem",
      "containerState": "Active",
      "containerName": "/k8s_kubernetes-dashboard_kubernetes-dashboard-674865d7db-fcjnq_kube-system_85acf2f6-47b7-11e8-a93e-005056b73fae_2",
      "IPAddressList": "10.233.74.104",
      "systemDescr": "hadm-kube-worker-10",
      "systemOid": "d131adbe193db59acc1db36b6910ce59",
      "oid": "a5ef7d3976758f3adbd5ef6dd81238af",
      "shortDescr": "/k8s_kubernetes-dashboard_kubernetes-dashboard-674865d7db-fcjnq_kube-system_85acf2f6-47b7-11e8-a93e-005056b73fae_2",
      "containerProcessId": 20201,
      "className": "Container",
      "containerId": "8961cfb7f48aa5692997d90c8290856662bad8fc9d847b5bec7735d816174e5f"
    }, {
      "systemClassName": "ComputerSystem",
      "containerState": "Active",
      "containerName": "/k8s_POD_tiller-deploy-7b7c854bc-hhwb7_kube-system_b139c54d-6967-11e8-acc4-005056b73fae_26",
      "systemDescr": "hadm-kube-worker-10",
      "systemOid": "d131adbe193db59acc1db36b6910ce59",
      "oid": "d83dd82f63d3e3e63866144b592dad",
      "shortDescr": "/k8s_POD_tiller-deploy-7b7c854bc-hhwb7_kube-system_b139c54d-6967-11e8-acc4-005056b73fae_26",
      "containerProcessId": 19234,
      "className": "Container",
      "containerId": "4ceb3893b20e2e13a8626d14315a0d623f262f6e8efe9d566d9bb5377831971f"
    }, {
      "systemClassName": "ComputerSystem",
      "containerState": "Active",
      "containerName": "/k8s_ci-sqlg-index-iquateqa2_ci-sqlg-index-iquateqa2-869c84fd97-b4sjl_qa-env_df4362c1-9fa4-11e8-8660-005056b73fae_0",
      "IPAddressList": "10.233.74.124",
      "systemDescr": "hadm-kube-worker-10",
      "systemOid": "d131adbe193db59acc1db36b6910ce59",
      "oid": "8fee61421bec2671c7415bcc3fae94fd",
      "shortDescr": "/k8s_ci-sqlg-index-iquateqa2_ci-sqlg-index-iquateqa2-869c84fd97-b4sjl_qa-env_df4362c1-9fa4-11e8-8660-005056b73fae_0",
      "containerProcessId": 24063,
      "className": "Container",
      "containerId": "adda5dfd33397f479f8748ccf0275e071ea0acd1d31a210dc53af854538f0d7f"
    }, {
      "systemClassName": "ComputerSystem",
      "containerState": "Active",
      "containerName": "/k8s_tiller_tiller-deploy-7b7c854bc-hhwb7_kube-system_b139c54d-6967-11e8-acc4-005056b73fae_2",
      "IPAddressList": "10.233.74.105",
      "systemDescr": "hadm-kube-worker-10",
      "systemOid": "d131adbe193db59acc1db36b6910ce59",
      "oid": "ca788cf0ba1040f49f2010121a5fded",
      "shortDescr": "/k8s_tiller_tiller-deploy-7b7c854bc-hhwb7_kube-system_b139c54d-6967-11e8-acc4-005056b73fae_2",
      "containerProcessId": 20128,
      "className": "Container",
      "containerId": "61fdbc1fa18ea64fcce2eaa6dc7865299ef41fbb12dd6b5ca81f88eac18c3767"
    }, {
      "systemClassName": "ComputerSystem",
      "containerState": "Active",
      "containerName": "/k8s_POD_alertmanager-alertmanager-2_monitoring_a9d36416-9a25-11e8-acc4-005056b73fae_24",
      "systemDescr": "hadm-kube-worker-10",
      "systemOid": "d131adbe193db59acc1db36b6910ce59",
      "oid": "448c513ddb59e2ce69a89a23cefb4f",
      "shortDescr": "/k8s_POD_alertmanager-alertmanager-2_monitoring_a9d36416-9a25-11e8-acc4-005056b73fae_24",
      "containerProcessId": 19203,
      "className": "Container",
      "containerId": "862e707c42047e1ed60b4a825a6cb208e96e05e5a6702d5d89dc3f7f3bc06922"
    }, {
      "systemClassName": "ComputerSystem",
      "containerState": "Active",
      "containerName": "/k8s_POD_zipkin-ui-66bcf6c94-rjqmb_qa-env_a6595523-9a25-11e8-acc4-005056b73fae_21",
      "systemDescr": "hadm-kube-worker-10",
      "systemOid": "d131adbe193db59acc1db36b6910ce59",
      "oid": "b179f7b5bf7add2a4b7a879a0b48088",
      "shortDescr": "/k8s_POD_zipkin-ui-66bcf6c94-rjqmb_qa-env_a6595523-9a25-11e8-acc4-005056b73fae_21",
      "containerProcessId": 18843,
      "className": "Container",
      "containerId": "5bc212453aaeb0398dfc293324769a2b4495aa1533e05a499fa2baf43856ef6e"
    }, {
      "systemClassName": "ComputerSystem",
      "containerState": "Disabled",
      "containerName": "/k8s_heapster_heapster-v1.5.2-f5695b46b-spwpb_kube-system_d9a96434-492c-11e8-acc4-005056b73fae_1",
      "systemDescr": "hadm-kube-worker-10",
      "systemOid": "d131adbe193db59acc1db36b6910ce59",
      "oid": "eef746e7a1ed3438acbc93631d7851",
      "shortDescr": "/k8s_heapster_heapster-v1.5.2-f5695b46b-spwpb_kube-system_d9a96434-492c-11e8-acc4-005056b73fae_1",
      "className": "Container",
      "containerId": "550b910429d4625d564d7149a8f9ba2cc97ab8b68faff64e0f7cec91273a6776"
    }, {
      "systemClassName": "ComputerSystem",
      "containerState": "Disabled",
      "containerName": "/k8s_tiller_tiller-deploy-7b7c854bc-hhwb7_kube-system_b139c54d-6967-11e8-acc4-005056b73fae_1",
      "systemDescr": "hadm-kube-worker-10",
      "systemOid": "d131adbe193db59acc1db36b6910ce59",
      "oid": "1166fb3d7ef1ccd94e195beddffb0b7",
      "shortDescr": "/k8s_tiller_tiller-deploy-7b7c854bc-hhwb7_kube-system_b139c54d-6967-11e8-acc4-005056b73fae_1",
      "className": "Container",
      "containerId": "e15d7f30ecf10f20a5f1e173672af663fb9e8ad781f61f3317bda6b4b359cf25"
    }, {
      "systemClassName": "ComputerSystem",
      "containerState": "Active",
      "containerName": "/k8s_POD_nginx-proxy-hadm-kube-worker-10_kube-system_921661799412eb721a9cc4d4ad76b5eb_6",
      "systemDescr": "hadm-kube-worker-10",
      "systemOid": "d131adbe193db59acc1db36b6910ce59",
      "oid": "dc717f576d92e5ddd0ab2cce96dcc03b",
      "shortDescr": "/k8s_POD_nginx-proxy-hadm-kube-worker-10_kube-system_921661799412eb721a9cc4d4ad76b5eb_6",
      "containerProcessId": 1704,
      "className": "Container",
      "containerId": "9890fdaead140c35f1936dbe7189f33d21996fb9fb768a6939a6c0cf9ee3a05d"
    }, {
      "systemClassName": "ComputerSystem",
      "containerState": "Active",
      "containerName": "/k8s_POD_ci-sqlg-index-iquateqa-7b65999595-44xm4_qa-env_fffae4b1-a6d0-11e8-8660-005056b73fae_0",
      "systemDescr": "hadm-kube-worker-10",
      "systemOid": "d131adbe193db59acc1db36b6910ce59",
      "oid": "56cf1c497e3ab422795318607385",
      "shortDescr": "/k8s_POD_ci-sqlg-index-iquateqa-7b65999595-44xm4_qa-env_fffae4b1-a6d0-11e8-8660-005056b73fae_0",
      "containerProcessId": 4472,
      "className": "Container",
      "containerId": "1f1a534e670893460c54aa507a76d674b3849ba3efc9fb18c9bc5de0dc4de711"
    }, {
      "systemClassName": "ComputerSystem",
      "containerState": "Disabled",
      "containerName": "/k8s_kubernetes-dashboard_kubernetes-dashboard-674865d7db-fcjnq_kube-system_85acf2f6-47b7-11e8-a93e-005056b73fae_1",
      "systemDescr": "hadm-kube-worker-10",
      "systemOid": "d131adbe193db59acc1db36b6910ce59",
      "oid": "979a46e8ccbf8db9ec557dd561d35bdf",
      "shortDescr": "/k8s_kubernetes-dashboard_kubernetes-dashboard-674865d7db-fcjnq_kube-system_85acf2f6-47b7-11e8-a93e-005056b73fae_1",
      "className": "Container",
      "containerId": "e34bc7bc2bc2b2391cec74b0e9504976289407c81e03df4e4691ff2edf02a073"
    }, {
      "systemClassName": "ComputerSystem",
      "containerState": "Disabled",
      "containerName": "/k8s_alertmanager_alertmanager-alertmanager-2_monitoring_a9d36416-9a25-11e8-acc4-005056b73fae_0",
      "systemDescr": "hadm-kube-worker-10",
      "systemOid": "d131adbe193db59acc1db36b6910ce59",
      "oid": "57186a6e49e041236af611a47129c5",
      "shortDescr": "/k8s_alertmanager_alertmanager-alertmanager-2_monitoring_a9d36416-9a25-11e8-acc4-005056b73fae_0",
      "className": "Container",
      "containerId": "0b8f773a01052f7a94e05788f869092b9a4e4efbcf6acd45b79860dc6e066a12"
    }, {
      "systemClassName": "ComputerSystem",
      "containerState": "Disabled",
      "containerName": "/k8s_zipkin-ui_zipkin-ui-66bcf6c94-rjqmb_qa-env_a6595523-9a25-11e8-acc4-005056b73fae_0",
      "systemDescr": "hadm-kube-worker-10",
      "systemOid": "d131adbe193db59acc1db36b6910ce59",
      "oid": "c885b3a753e97c44c3becb2a3d686a50",
      "shortDescr": "/k8s_zipkin-ui_zipkin-ui-66bcf6c94-rjqmb_qa-env_a6595523-9a25-11e8-acc4-005056b73fae_0",
      "className": "Container",
      "containerId": "a9752d44e567f246870fb742e53f98394ee91723d678e37c1534972a374ed036"
    }, {
      "systemClassName": "ComputerSystem",
      "containerState": "Active",
      "containerName": "/k8s_POD_kube-proxy-hadm-kube-worker-10_kube-system_133dc4c9f3aed4e045ba538570556df7_2",
      "systemDescr": "hadm-kube-worker-10",
      "systemOid": "d131adbe193db59acc1db36b6910ce59",
      "oid": "ef332e7914e77b3a36eb0bafe4d27f1",
      "shortDescr": "/k8s_POD_kube-proxy-hadm-kube-worker-10_kube-system_133dc4c9f3aed4e045ba538570556df7_2",
      "containerProcessId": 1690,
      "className": "Container",
      "containerId": "9fb4b40509308507bfcb9a127847fb2bb03b1d36c9ffa037d3e7bf610618397b"
    }, {
      "systemClassName": "ComputerSystem",
      "containerState": "Active",
      "containerName": "/k8s_zipkin-core_zipkin-core-669ff74674-plkpt_qa-env_a656c33f-9a25-11e8-acc4-005056b73fae_1",
      "IPAddressList": "10.233.74.96",
      "systemDescr": "hadm-kube-worker-10",
      "systemOid": "d131adbe193db59acc1db36b6910ce59",
      "oid": "43aa1ae7ad296628911afd01d6eab79",
      "shortDescr": "/k8s_zipkin-core_zipkin-core-669ff74674-plkpt_qa-env_a656c33f-9a25-11e8-acc4-005056b73fae_1",
      "containerProcessId": 19617,
      "className": "Container",
      "containerId": "d85fdece0ba7b311c41a3945d6fea14327b6d056856b127f3a74bd761435d29e"
    }, {
      "systemClassName": "ComputerSystem",
      "containerState": "Active",
      "containerName": "/k8s_kube-flannel_kube-flannel-8f5dd_kube-system_c1041ef2-47b7-11e8-a93e-005056b73fae_3",
      "systemDescr": "hadm-kube-worker-10",
      "systemOid": "d131adbe193db59acc1db36b6910ce59",
      "oid": "694aee88c162a6c3ccc577aa9d3254",
      "shortDescr": "/k8s_kube-flannel_kube-flannel-8f5dd_kube-system_c1041ef2-47b7-11e8-a93e-005056b73fae_3",
      "containerProcessId": 18265,
      "className": "Container",
      "containerId": "170d3093ecd626542a69cd48b8682827386f66004f66e67db437dbc65cdb8315"
    }, {
      "systemClassName": "ComputerSystem",
      "containerState": "Disabled",
      "containerName": "/k8s_nginx-proxy_nginx-proxy-hadm-kube-worker-10_kube-system_921661799412eb721a9cc4d4ad76b5eb_4",
      "systemDescr": "hadm-kube-worker-10",
      "systemOid": "d131adbe193db59acc1db36b6910ce59",
      "oid": "f6704a62ad83d69df193dc67c53bd9",
      "shortDescr": "/k8s_nginx-proxy_nginx-proxy-hadm-kube-worker-10_kube-system_921661799412eb721a9cc4d4ad76b5eb_4",
      "className": "Container",
      "containerId": "af94d5919e3e12277470579071c7d74f03e2f38cd0db7f62ca1f366bd630d961"
    }, {
      "systemClassName": "ComputerSystem",
      "containerState": "Active",
      "containerName": "/k8s_communication-router_communication-router-85548cf65d-2z96t_qa-env_3b2c1c03-a5d7-11e8-8660-005056b73fae_0",
      "IPAddressList": "10.233.74.128",
      "systemDescr": "hadm-kube-worker-10",
      "systemOid": "d131adbe193db59acc1db36b6910ce59",
      "oid": "cfd6088b0cf5d106fb21924699c6568",
      "shortDescr": "/k8s_communication-router_communication-router-85548cf65d-2z96t_qa-env_3b2c1c03-a5d7-11e8-8660-005056b73fae_0",
      "containerProcessId": 6222,
      "className": "Container",
      "containerId": "4150ef7b235d266887476bac1b071573021564e56df233131f00fdbc39c44f3c"
    }, {
      "systemClassName": "ComputerSystem",
      "containerState": "Disabled",
      "containerName": "/k8s_config-reloader_alertmanager-alertmanager-2_monitoring_a9d36416-9a25-11e8-acc4-005056b73fae_0",
      "systemDescr": "hadm-kube-worker-10",
      "systemOid": "d131adbe193db59acc1db36b6910ce59",
      "oid": "d1cfb8388972c04544808a145c6b5fb",
      "shortDescr": "/k8s_config-reloader_alertmanager-alertmanager-2_monitoring_a9d36416-9a25-11e8-acc4-005056b73fae_0",
      "className": "Container",
      "containerId": "66c8b2441edbc4216361e6d2b0a6ef71951c1f5cd2c381687f2429ef7c23ea50"
    }, {
      "systemClassName": "ComputerSystem",
      "containerState": "Active",
      "containerName": "/k8s_POD_kubernetes-dashboard-674865d7db-fcjnq_kube-system_85acf2f6-47b7-11e8-a93e-005056b73fae_25",
      "systemDescr": "hadm-kube-worker-10",
      "systemOid": "d131adbe193db59acc1db36b6910ce59",
      "oid": "52801d1294a4ce4b92dc84205bf1bb28",
      "shortDescr": "/k8s_POD_kubernetes-dashboard-674865d7db-fcjnq_kube-system_85acf2f6-47b7-11e8-a93e-005056b73fae_25",
      "containerProcessId": 19264,
      "className": "Container",
      "containerId": "e8faf76d3365f235999fa2df65c8da73a1e295a8e638c549a0816f7b29e2bc11"
    }, {
      "systemClassName": "ComputerSystem",
      "containerState": "Disabled",
      "containerName": "/k8s_POD_nginx-proxy-hadm-kube-worker-10_kube-system_921661799412eb721a9cc4d4ad76b5eb_5",
      "systemDescr": "hadm-kube-worker-10",
      "systemOid": "d131adbe193db59acc1db36b6910ce59",
      "oid": "21ef7e2a850d7885f29fd26c2b69",
      "shortDescr": "/k8s_POD_nginx-proxy-hadm-kube-worker-10_kube-system_921661799412eb721a9cc4d4ad76b5eb_5",
      "className": "Container",
      "containerId": "39c66ab9a144e135b6349eb975b48971979b7e9e7193691ba1cf62c35edba615"
    }, {
      "systemClassName": "ComputerSystem",
      "containerState": "Active",
      "containerName": "/k8s_alertmanager_alertmanager-alertmanager-2_monitoring_a9d36416-9a25-11e8-acc4-005056b73fae_1",
      "IPAddressList": "10.233.74.103",
      "systemDescr": "hadm-kube-worker-10",
      "systemOid": "d131adbe193db59acc1db36b6910ce59",
      "oid": "208aaec842c7eab0743a8da3703ac6ac",
      "shortDescr": "/k8s_alertmanager_alertmanager-alertmanager-2_monitoring_a9d36416-9a25-11e8-acc4-005056b73fae_1",
      "containerProcessId": 20054,
      "className": "Container",
      "containerId": "cd635c56a7b56e0e2e242b8f0f978317906d17d2900e5c6767de742eddd5ac0f"
    }, {
      "systemClassName": "ComputerSystem",
      "containerState": "Active",
      "containerName": "/k8s_install-cni_kube-flannel-8f5dd_kube-system_c1041ef2-47b7-11e8-a93e-005056b73fae_2",
      "systemDescr": "hadm-kube-worker-10",
      "systemOid": "d131adbe193db59acc1db36b6910ce59",
      "oid": "d888d87e81728bdbccfcc09385ab1f",
      "shortDescr": "/k8s_install-cni_kube-flannel-8f5dd_kube-system_c1041ef2-47b7-11e8-a93e-005056b73fae_2",
      "containerProcessId": 2791,
      "className": "Container",
      "containerId": "04bfd0b514136e11a9a596086426494157b9d3b5d416d921928fcec77fc80e21"
    }, {
      "systemClassName": "ComputerSystem",
      "containerState": "Active",
      "containerName": "/k8s_ci-sqlg-index-iquateqa_ci-sqlg-index-iquateqa-7b65999595-44xm4_qa-env_fffae4b1-a6d0-11e8-8660-005056b73fae_0",
      "IPAddressList": "10.233.74.134",
      "systemDescr": "hadm-kube-worker-10",
      "systemOid": "d131adbe193db59acc1db36b6910ce59",
      "oid": "a2caf88bb5d5093e792808d3fccd4d5",
      "shortDescr": "/k8s_ci-sqlg-index-iquateqa_ci-sqlg-index-iquateqa-7b65999595-44xm4_qa-env_fffae4b1-a6d0-11e8-8660-005056b73fae_0",
      "containerProcessId": 4671,
      "className": "Container",
      "containerId": "d851491ccdedb513c384eb99e762cb5386c371cbd8519d3c63910c28cfaaec7d"
    }, {
      "systemClassName": "ComputerSystem",
      "containerState": "Active",
      "containerName": "/k8s_nginx-proxy_nginx-proxy-hadm-kube-worker-10_kube-system_921661799412eb721a9cc4d4ad76b5eb_5",
      "systemDescr": "hadm-kube-worker-10",
      "systemOid": "d131adbe193db59acc1db36b6910ce59",
      "oid": "d6ace1fb89d4e91f206b5b2d68e98",
      "shortDescr": "/k8s_nginx-proxy_nginx-proxy-hadm-kube-worker-10_kube-system_921661799412eb721a9cc4d4ad76b5eb_5",
      "containerProcessId": 1788,
      "className": "Container",
      "containerId": "e884f59fad730936e52d5f5abd6fd274b1d334e643b3bd7e254d636584cb8b1f"
    }, {
      "systemClassName": "ComputerSystem",
      "containerState": "Active",
      "containerName": "/k8s_heapster-nanny_heapster-v1.5.2-f5695b46b-spwpb_kube-system_d9a96434-492c-11e8-acc4-005056b73fae_2",
      "IPAddressList": "10.233.74.99",
      "systemDescr": "hadm-kube-worker-10",
      "systemOid": "d131adbe193db59acc1db36b6910ce59",
      "oid": "f5d97aceee1b81eddf9c109a1d62e0",
      "shortDescr": "/k8s_heapster-nanny_heapster-v1.5.2-f5695b46b-spwpb_kube-system_d9a96434-492c-11e8-acc4-005056b73fae_2",
      "containerProcessId": 19930,
      "className": "Container",
      "containerId": "3bb2ab16cc09d80905fdac7b73620e5268125ff76e3eee596cf2a7c92b11c122"
    }, {
      "systemClassName": "ComputerSystem",
      "containerState": "Active",
      "containerName": "/k8s_zipkin-ui_zipkin-ui-66bcf6c94-rjqmb_qa-env_a6595523-9a25-11e8-acc4-005056b73fae_1",
      "IPAddressList": "10.233.74.98",
      "systemDescr": "hadm-kube-worker-10",
      "systemOid": "d131adbe193db59acc1db36b6910ce59",
      "oid": "766a1d902a7c4176fdf37295f47f49f",
      "shortDescr": "/k8s_zipkin-ui_zipkin-ui-66bcf6c94-rjqmb_qa-env_a6595523-9a25-11e8-acc4-005056b73fae_1",
      "containerProcessId": 19666,
      "className": "Container",
      "containerId": "d8954163e24fde0a06460888b09c8b2c9acad2b98871c16c3a86259a3d7f323a"
    }, {
      "systemClassName": "ComputerSystem",
      "containerState": "Active",
      "containerName": "/k8s_POD_ci-sqlg-index-test-7dbd47bbfb-lzsq8_qa-env_20d4b544-a510-11e8-8660-005056b73fae_0",
      "systemDescr": "hadm-kube-worker-10",
      "systemOid": "d131adbe193db59acc1db36b6910ce59",
      "oid": "87d181d4aabd98a0ab40f63839b60ff",
      "shortDescr": "/k8s_POD_ci-sqlg-index-test-7dbd47bbfb-lzsq8_qa-env_20d4b544-a510-11e8-8660-005056b73fae_0",
      "containerProcessId": 2468,
      "className": "Container",
      "containerId": "30676d18c7e0790ca2cda89c53336323042891bfe0ad527a65084ceab7b1bb11"
    }, {
      "systemClassName": "ComputerSystem",
      "containerState": "Disabled",
      "containerName": "/vibrant_lichterman",
      "systemDescr": "hadm-kube-worker-10",
      "systemOid": "d131adbe193db59acc1db36b6910ce59",
      "oid": "58975487bd3ac253d14d68ba5021b2b3",
      "shortDescr": "/vibrant_lichterman",
      "className": "Container",
      "containerId": "a08c6d37c2a5a20cdc7f2c38722df034012ea6d729d81c74cc902038fe7b2142"
    }, {
      "systemClassName": "ComputerSystem",
      "containerState": "Active",
      "containerName": "/k8s_config-reloader_alertmanager-alertmanager-2_monitoring_a9d36416-9a25-11e8-acc4-005056b73fae_1",
      "IPAddressList": "10.233.74.103",
      "systemDescr": "hadm-kube-worker-10",
      "systemOid": "d131adbe193db59acc1db36b6910ce59",
      "oid": "d31a626dc6e7a6c178164d5d3bf887c",
      "shortDescr": "/k8s_config-reloader_alertmanager-alertmanager-2_monitoring_a9d36416-9a25-11e8-acc4-005056b73fae_1",
      "containerProcessId": 20331,
      "className": "Container",
      "containerId": "5748d01c938c35724fc8d684d8f2eb338c8eac1fe8eca626a653abf0aede8008"
    }, {
      "systemClassName": "ComputerSystem",
      "containerState": "Active",
      "containerName": "/k8s_POD_heapster-v1.5.2-f5695b46b-spwpb_kube-system_d9a96434-492c-11e8-acc4-005056b73fae_24",
      "systemDescr": "hadm-kube-worker-10",
      "systemOid": "d131adbe193db59acc1db36b6910ce59",
      "oid": "ccddf0c73c79ddfa886b55e4dd188f",
      "shortDescr": "/k8s_POD_heapster-v1.5.2-f5695b46b-spwpb_kube-system_d9a96434-492c-11e8-acc4-005056b73fae_24",
      "containerProcessId": 18901,
      "className": "Container",
      "containerId": "53d0f10a6850bc0b925fcb27c2a9f2632d238edda93cae2054542ea2db333c4b"
    }, {
      "systemClassName": "ComputerSystem",
      "containerState": "Active",
      "containerName": "/k8s_heapster_heapster-v1.5.2-f5695b46b-spwpb_kube-system_d9a96434-492c-11e8-acc4-005056b73fae_2",
      "IPAddressList": "10.233.74.99",
      "systemDescr": "hadm-kube-worker-10",
      "systemOid": "d131adbe193db59acc1db36b6910ce59",
      "oid": "1a26d5ff5a3dd9946852cf5a3a4f012",
      "shortDescr": "/k8s_heapster_heapster-v1.5.2-f5695b46b-spwpb_kube-system_d9a96434-492c-11e8-acc4-005056b73fae_2",
      "containerProcessId": 19718,
      "className": "Container",
      "containerId": "630dec40e37c96545e03f723bfd23b490f1a4dc2a9d27720508fce65e1b8ee70"
    }, {
      "systemClassName": "ComputerSystem",
      "containerState": "Active",
      "containerName": "/k8s_POD_kube-flannel-8f5dd_kube-system_c1041ef2-47b7-11e8-a93e-005056b73fae_2",
      "systemDescr": "hadm-kube-worker-10",
      "systemOid": "d131adbe193db59acc1db36b6910ce59",
      "oid": "b8e29b3eb76f3f6537193d149f97913b",
      "shortDescr": "/k8s_POD_kube-flannel-8f5dd_kube-system_c1041ef2-47b7-11e8-a93e-005056b73fae_2",
      "containerProcessId": 2049,
      "className": "Container",
      "containerId": "90e4f3d41b31697eb53744553cee6668411545e75d1f1b282c594fbdc0d96629"
    }, {
      "systemClassName": "ComputerSystem",
      "containerState": "Disabled",
      "containerName": "/k8s_POD_alertmanager-alertmanager-2_monitoring_a9d36416-9a25-11e8-acc4-005056b73fae_0",
      "systemDescr": "hadm-kube-worker-10",
      "systemOid": "d131adbe193db59acc1db36b6910ce59",
      "oid": "a25cac717f54efe9909c6faf614dff",
      "shortDescr": "/k8s_POD_alertmanager-alertmanager-2_monitoring_a9d36416-9a25-11e8-acc4-005056b73fae_0",
      "className": "Container",
      "containerId": "fcad85998cb7eb362445722c23ab7259256e4e79cc9fce62ad68464d85524767"
    }, {
      "systemClassName": "ComputerSystem",
      "containerState": "Active",
      "containerName": "/k8s_kube-proxy_kube-proxy-hadm-kube-worker-10_kube-system_133dc4c9f3aed4e045ba538570556df7_2",
      "systemDescr": "hadm-kube-worker-10",
      "systemOid": "d131adbe193db59acc1db36b6910ce59",
      "oid": "d64fe94ee9e27fdde81a335044e7bc47",
      "shortDescr": "/k8s_kube-proxy_kube-proxy-hadm-kube-worker-10_kube-system_133dc4c9f3aed4e045ba538570556df7_2",
      "containerProcessId": 1765,
      "className": "Container",
      "containerId": "629545631d962c18d28668e58fef2e63781c5ea460bf6d1d4fec55ea211cf537"
    }, {
      "systemClassName": "ComputerSystem",
      "containerState": "Disabled",
      "containerName": "/k8s_POD_kube-flannel-8f5dd_kube-system_c1041ef2-47b7-11e8-a93e-005056b73fae_1",
      "systemDescr": "hadm-kube-worker-10",
      "systemOid": "d131adbe193db59acc1db36b6910ce59",
      "oid": "1514fde17843898613ab30b4d0286673",
      "shortDescr": "/k8s_POD_kube-flannel-8f5dd_kube-system_c1041ef2-47b7-11e8-a93e-005056b73fae_1",
      "className": "Container",
      "containerId": "532e376940324b47bacc0191bbde164497614d2bef1cde324b37dfa325c82f03"
    }, {
      "systemClassName": "ComputerSystem",
      "containerState": "Disabled",
      "containerName": "/k8s_POD_zipkin-core-669ff74674-plkpt_qa-env_a656c33f-9a25-11e8-acc4-005056b73fae_0",
      "systemDescr": "hadm-kube-worker-10",
      "systemOid": "d131adbe193db59acc1db36b6910ce59",
      "oid": "32fd9b83512a38faad8313e57b393d80",
      "shortDescr": "/k8s_POD_zipkin-core-669ff74674-plkpt_qa-env_a656c33f-9a25-11e8-acc4-005056b73fae_0",
      "className": "Container",
      "containerId": "269500ba4e3d9c245fcce9ccc864cf0e08a0afea94061c50a7188b6fd5f4093c"
    }, {
      "systemClassName": "ComputerSystem",
      "containerState": "Disabled",
      "containerName": "/k8s_install-cni_kube-flannel-8f5dd_kube-system_c1041ef2-47b7-11e8-a93e-005056b73fae_1",
      "systemDescr": "hadm-kube-worker-10",
      "systemOid": "d131adbe193db59acc1db36b6910ce59",
      "oid": "e824f193cbae8283bc5ab22c532cfb1",
      "shortDescr": "/k8s_install-cni_kube-flannel-8f5dd_kube-system_c1041ef2-47b7-11e8-a93e-005056b73fae_1",
      "className": "Container",
      "containerId": "3aabdd26d3e93a0a61d868404b3d9d390564172da1a3fa55ebd0c6681220e244"
    }, {
      "systemClassName": "ComputerSystem",
      "containerState": "Disabled",
      "containerName": "/k8s_POD_kubernetes-dashboard-674865d7db-fcjnq_kube-system_85acf2f6-47b7-11e8-a93e-005056b73fae_2",
      "systemDescr": "hadm-kube-worker-10",
      "systemOid": "d131adbe193db59acc1db36b6910ce59",
      "oid": "3daeaae65386a588269ba9cb7326a892",
      "shortDescr": "/k8s_POD_kubernetes-dashboard-674865d7db-fcjnq_kube-system_85acf2f6-47b7-11e8-a93e-005056b73fae_2",
      "className": "Container",
      "containerId": "ca22889c81cd371c3699c1a55a0193392c7199cd322e3e4385254babfa249062"
    }, {
      "systemClassName": "ComputerSystem",
      "containerState": "Active",
      "containerName": "/k8s_POD_ui-nxt-6c9f95465b-sfjhq_qa-env_cb568c85-a6bf-11e8-8660-005056b73fae_0",
      "systemDescr": "hadm-kube-worker-10",
      "systemOid": "d131adbe193db59acc1db36b6910ce59",
      "oid": "bc1a321fd5127dbc18e876842d38171e",
      "shortDescr": "/k8s_POD_ui-nxt-6c9f95465b-sfjhq_qa-env_cb568c85-a6bf-11e8-8660-005056b73fae_0",
      "containerProcessId": 27375,
      "className": "Container",
      "containerId": "52d8ff67caf0fc486c817d5bb0421655e854ef561999ac0a0cb33ce3454ad21f"
    }, {
      "systemClassName": "ComputerSystem",
      "containerState": "Active",
      "containerName": "/k8s_ui-nxt_ui-nxt-6c9f95465b-sfjhq_qa-env_cb568c85-a6bf-11e8-8660-005056b73fae_0",
      "IPAddressList": "10.233.74.132",
      "systemDescr": "hadm-kube-worker-10",
      "systemOid": "d131adbe193db59acc1db36b6910ce59",
      "oid": "7e3825a25c778ac07610c14d77b85c",
      "shortDescr": "/k8s_ui-nxt_ui-nxt-6c9f95465b-sfjhq_qa-env_cb568c85-a6bf-11e8-8660-005056b73fae_0",
      "containerProcessId": 27570,
      "className": "Container",
      "containerId": "bcafbbbe5540d15ec2007d13b9b86b2379cd837bea12b07dd900639590bf8535"
    }, {
      "systemClassName": "ComputerSystem",
      "containerState": "Active",
      "containerName": "/k8s_ci-sqlg-index-test_ci-sqlg-index-test-7dbd47bbfb-lzsq8_qa-env_20d4b544-a510-11e8-8660-005056b73fae_0",
      "IPAddressList": "10.233.74.127",
      "systemDescr": "hadm-kube-worker-10",
      "systemOid": "d131adbe193db59acc1db36b6910ce59",
      "oid": "42a7fe329c59f4ce2fabe77b2a46ad6",
      "shortDescr": "/k8s_ci-sqlg-index-test_ci-sqlg-index-test-7dbd47bbfb-lzsq8_qa-env_20d4b544-a510-11e8-8660-005056b73fae_0",
      "containerProcessId": 2701,
      "className": "Container",
      "containerId": "8bd65f41c8ec790f21c33e68c5aeaa1209497d0137743c274137409617453527"
    }, {
      "systemClassName": "ComputerSystem",
      "containerState": "Active",
      "containerName": "/k8s_POD_node-exporter-exporter-node-4j9qr_monitoring_01ae36bf-e4e4-11e7-94c8-005056b73fae_6",
      "systemDescr": "hadm-kube-worker-10",
      "systemOid": "d131adbe193db59acc1db36b6910ce59",
      "oid": "a3d2652add6dcb26b792f86956cfcc9",
      "shortDescr": "/k8s_POD_node-exporter-exporter-node-4j9qr_monitoring_01ae36bf-e4e4-11e7-94c8-005056b73fae_6",
      "containerProcessId": 2612,
      "className": "Container",
      "containerId": "6978b6e291e95617006e9b5679686b543f4fcd09077ceb501e352569dadc455a"
    }, {
      "systemClassName": "ComputerSystem",
      "containerState": "Disabled",
      "containerName": "/k8s_node-exporter_node-exporter-exporter-node-4j9qr_monitoring_01ae36bf-e4e4-11e7-94c8-005056b73fae_6",
      "systemDescr": "hadm-kube-worker-10",
      "systemOid": "d131adbe193db59acc1db36b6910ce59",
      "oid": "ad6bd5a8bd37412ed6942df3ad886d",
      "shortDescr": "/k8s_node-exporter_node-exporter-exporter-node-4j9qr_monitoring_01ae36bf-e4e4-11e7-94c8-005056b73fae_6",
      "className": "Container",
      "containerId": "5b4a1bd8b567da22c355e266b7e7973939f4a4b5e467691e2c46872cf1d0e77c"
    }, {
      "systemClassName": "ComputerSystem",
      "containerState": "Disabled",
      "containerName": "/k8s_POD_kube-proxy-hadm-kube-worker-10_kube-system_133dc4c9f3aed4e045ba538570556df7_1",
      "systemDescr": "hadm-kube-worker-10",
      "systemOid": "d131adbe193db59acc1db36b6910ce59",
      "oid": "bdbe1ffc5c9f7a2ee4d5cb822b23c221",
      "shortDescr": "/k8s_POD_kube-proxy-hadm-kube-worker-10_kube-system_133dc4c9f3aed4e045ba538570556df7_1",
      "className": "Container",
      "containerId": "4bcd37b7a2e1e74cb1ad968ca9c9c00369951db8601f8479e582f5fd01223a6c"
    }, {
      "systemClassName": "ComputerSystem",
      "containerState": "Active",
      "containerName": "/k8s_POD_zipkin-core-669ff74674-plkpt_qa-env_a656c33f-9a25-11e8-acc4-005056b73fae_22",
      "systemDescr": "hadm-kube-worker-10",
      "systemOid": "d131adbe193db59acc1db36b6910ce59",
      "oid": "7d527a5d5389e5fb48f104b56d0c291",
      "shortDescr": "/k8s_POD_zipkin-core-669ff74674-plkpt_qa-env_a656c33f-9a25-11e8-acc4-005056b73fae_22",
      "containerProcessId": 18601,
      "className": "Container",
      "containerId": "98b41aae6e70c940facadcdb65ebd7647ff59842933d65696682573883033c71"
    }]
  },
  "relationships": {
    "SystemProducts": [{
      "className": "SystemProducts",
      "oid": "ad34887737c96d863295a6667f236989__d131adbe193db59acc1db36b6910ce59",
      "upstreamNodeId": "ProductInstance:ad34887737c96d863295a6667f236989",
      "downstreamNodeId": "ComputerSystem:d131adbe193db59acc1db36b6910ce59"
    }, {
      "oid": "bb5dd9ed0fbe828af9bc0781e8ef96__d131adbe193db59acc1db36b6910ce59",
      "className": "SystemProducts",
      "upstreamNodeId": "ProductInstance:bb5dd9ed0fbe828af9bc0781e8ef96",
      "downstreamNodeId": "ComputerSystem:d131adbe193db59acc1db36b6910ce59"
    }, {
      "className": "SystemProducts",
      "oid": "119514b392a5784d965ceb98f3dbc__d131adbe193db59acc1db36b6910ce59",
      "upstreamNodeId": "ProductInstance:119514b392a5784d965ceb98f3dbc",
      "downstreamNodeId": "ComputerSystem:d131adbe193db59acc1db36b6910ce59"
    }, {
      "className": "SystemProducts",
      "oid": "6b8cd981de535b9b8b0baaeb7e8c5c__d131adbe193db59acc1db36b6910ce59",
      "upstreamNodeId": "ProductInstance:6b8cd981de535b9b8b0baaeb7e8c5c",
      "downstreamNodeId": "ComputerSystem:d131adbe193db59acc1db36b6910ce59"
    }, {
      "oid": "3e58ecda1fe495197a5b74188c7477f__d131adbe193db59acc1db36b6910ce59",
      "className": "SystemProducts",
      "upstreamNodeId": "ProductInstance:3e58ecda1fe495197a5b74188c7477f",
      "downstreamNodeId": "ComputerSystem:d131adbe193db59acc1db36b6910ce59"
    }],
    "GuestContainer": [{
      "className": "GuestContainer",
      "oid": "7d527a5d5389e5fb48f104b56d0c291__d131adbe193db59acc1db36b6910ce59",
      "upstreamNodeId": "Container:7d527a5d5389e5fb48f104b56d0c291",
      "downstreamNodeId": "ComputerSystem:d131adbe193db59acc1db36b6910ce59"
    }, {
      "className": "GuestContainer",
      "oid": "bdbe1ffc5c9f7a2ee4d5cb822b23c221__d131adbe193db59acc1db36b6910ce59",
      "upstreamNodeId": "Container:bdbe1ffc5c9f7a2ee4d5cb822b23c221",
      "downstreamNodeId": "ComputerSystem:d131adbe193db59acc1db36b6910ce59"
    }, {
      "oid": "ad6bd5a8bd37412ed6942df3ad886d__d131adbe193db59acc1db36b6910ce59",
      "className": "GuestContainer",
      "upstreamNodeId": "Container:ad6bd5a8bd37412ed6942df3ad886d",
      "downstreamNodeId": "ComputerSystem:d131adbe193db59acc1db36b6910ce59"
    }, {
      "oid": "a3d2652add6dcb26b792f86956cfcc9__d131adbe193db59acc1db36b6910ce59",
      "className": "GuestContainer",
      "upstreamNodeId": "Container:a3d2652add6dcb26b792f86956cfcc9",
      "downstreamNodeId": "ComputerSystem:d131adbe193db59acc1db36b6910ce59"
    }, {
      "className": "GuestContainer",
      "oid": "42a7fe329c59f4ce2fabe77b2a46ad6__d131adbe193db59acc1db36b6910ce59",
      "upstreamNodeId": "Container:42a7fe329c59f4ce2fabe77b2a46ad6",
      "downstreamNodeId": "ComputerSystem:d131adbe193db59acc1db36b6910ce59"
    }, {
      "className": "GuestContainer",
      "oid": "7e3825a25c778ac07610c14d77b85c__d131adbe193db59acc1db36b6910ce59",
      "upstreamNodeId": "Container:7e3825a25c778ac07610c14d77b85c",
      "downstreamNodeId": "ComputerSystem:d131adbe193db59acc1db36b6910ce59"
    }, {
      "className": "GuestContainer",
      "oid": "bc1a321fd5127dbc18e876842d38171e__d131adbe193db59acc1db36b6910ce59",
      "upstreamNodeId": "Container:bc1a321fd5127dbc18e876842d38171e",
      "downstreamNodeId": "ComputerSystem:d131adbe193db59acc1db36b6910ce59"
    }, {
      "className": "GuestContainer",
      "oid": "3daeaae65386a588269ba9cb7326a892__d131adbe193db59acc1db36b6910ce59",
      "upstreamNodeId": "Container:3daeaae65386a588269ba9cb7326a892",
      "downstreamNodeId": "ComputerSystem:d131adbe193db59acc1db36b6910ce59"
    }, {
      "className": "GuestContainer",
      "oid": "e824f193cbae8283bc5ab22c532cfb1__d131adbe193db59acc1db36b6910ce59",
      "upstreamNodeId": "Container:e824f193cbae8283bc5ab22c532cfb1",
      "downstreamNodeId": "ComputerSystem:d131adbe193db59acc1db36b6910ce59"
    }, {
      "className": "GuestContainer",
      "oid": "32fd9b83512a38faad8313e57b393d80__d131adbe193db59acc1db36b6910ce59",
      "upstreamNodeId": "Container:32fd9b83512a38faad8313e57b393d80",
      "downstreamNodeId": "ComputerSystem:d131adbe193db59acc1db36b6910ce59"
    }, {
      "className": "GuestContainer",
      "oid": "1514fde17843898613ab30b4d0286673__d131adbe193db59acc1db36b6910ce59",
      "upstreamNodeId": "Container:1514fde17843898613ab30b4d0286673",
      "downstreamNodeId": "ComputerSystem:d131adbe193db59acc1db36b6910ce59"
    }, {
      "className": "GuestContainer",
      "oid": "d64fe94ee9e27fdde81a335044e7bc47__d131adbe193db59acc1db36b6910ce59",
      "upstreamNodeId": "Container:d64fe94ee9e27fdde81a335044e7bc47",
      "downstreamNodeId": "ComputerSystem:d131adbe193db59acc1db36b6910ce59"
    }, {
      "className": "GuestContainer",
      "oid": "a25cac717f54efe9909c6faf614dff__d131adbe193db59acc1db36b6910ce59",
      "upstreamNodeId": "Container:a25cac717f54efe9909c6faf614dff",
      "downstreamNodeId": "ComputerSystem:d131adbe193db59acc1db36b6910ce59"
    }, {
      "className": "GuestContainer",
      "oid": "b8e29b3eb76f3f6537193d149f97913b__d131adbe193db59acc1db36b6910ce59",
      "upstreamNodeId": "Container:b8e29b3eb76f3f6537193d149f97913b",
      "downstreamNodeId": "ComputerSystem:d131adbe193db59acc1db36b6910ce59"
    }, {
      "oid": "1a26d5ff5a3dd9946852cf5a3a4f012__d131adbe193db59acc1db36b6910ce59",
      "className": "GuestContainer",
      "upstreamNodeId": "Container:1a26d5ff5a3dd9946852cf5a3a4f012",
      "downstreamNodeId": "ComputerSystem:d131adbe193db59acc1db36b6910ce59"
    }, {
      "className": "GuestContainer",
      "oid": "ccddf0c73c79ddfa886b55e4dd188f__d131adbe193db59acc1db36b6910ce59",
      "upstreamNodeId": "Container:ccddf0c73c79ddfa886b55e4dd188f",
      "downstreamNodeId": "ComputerSystem:d131adbe193db59acc1db36b6910ce59"
    }, {
      "className": "GuestContainer",
      "oid": "d31a626dc6e7a6c178164d5d3bf887c__d131adbe193db59acc1db36b6910ce59",
      "upstreamNodeId": "Container:d31a626dc6e7a6c178164d5d3bf887c",
      "downstreamNodeId": "ComputerSystem:d131adbe193db59acc1db36b6910ce59"
    }, {
      "className": "GuestContainer",
      "oid": "58975487bd3ac253d14d68ba5021b2b3__d131adbe193db59acc1db36b6910ce59",
      "upstreamNodeId": "Container:58975487bd3ac253d14d68ba5021b2b3",
      "downstreamNodeId": "ComputerSystem:d131adbe193db59acc1db36b6910ce59"
    }, {
      "className": "GuestContainer",
      "oid": "87d181d4aabd98a0ab40f63839b60ff__d131adbe193db59acc1db36b6910ce59",
      "upstreamNodeId": "Container:87d181d4aabd98a0ab40f63839b60ff",
      "downstreamNodeId": "ComputerSystem:d131adbe193db59acc1db36b6910ce59"
    }, {
      "className": "GuestContainer",
      "oid": "766a1d902a7c4176fdf37295f47f49f__d131adbe193db59acc1db36b6910ce59",
      "upstreamNodeId": "Container:766a1d902a7c4176fdf37295f47f49f",
      "downstreamNodeId": "ComputerSystem:d131adbe193db59acc1db36b6910ce59"
    }, {
      "className": "GuestContainer",
      "oid": "f5d97aceee1b81eddf9c109a1d62e0__d131adbe193db59acc1db36b6910ce59",
      "upstreamNodeId": "Container:f5d97aceee1b81eddf9c109a1d62e0",
      "downstreamNodeId": "ComputerSystem:d131adbe193db59acc1db36b6910ce59"
    }, {
      "className": "GuestContainer",
      "oid": "d6ace1fb89d4e91f206b5b2d68e98__d131adbe193db59acc1db36b6910ce59",
      "upstreamNodeId": "Container:d6ace1fb89d4e91f206b5b2d68e98",
      "downstreamNodeId": "ComputerSystem:d131adbe193db59acc1db36b6910ce59"
    }, {
      "className": "GuestContainer",
      "oid": "a2caf88bb5d5093e792808d3fccd4d5__d131adbe193db59acc1db36b6910ce59",
      "upstreamNodeId": "Container:a2caf88bb5d5093e792808d3fccd4d5",
      "downstreamNodeId": "ComputerSystem:d131adbe193db59acc1db36b6910ce59"
    }, {
      "className": "GuestContainer",
      "oid": "d888d87e81728bdbccfcc09385ab1f__d131adbe193db59acc1db36b6910ce59",
      "upstreamNodeId": "Container:d888d87e81728bdbccfcc09385ab1f",
      "downstreamNodeId": "ComputerSystem:d131adbe193db59acc1db36b6910ce59"
    }, {
      "className": "GuestContainer",
      "oid": "208aaec842c7eab0743a8da3703ac6ac__d131adbe193db59acc1db36b6910ce59",
      "upstreamNodeId": "Container:208aaec842c7eab0743a8da3703ac6ac",
      "downstreamNodeId": "ComputerSystem:d131adbe193db59acc1db36b6910ce59"
    }, {
      "className": "GuestContainer",
      "oid": "21ef7e2a850d7885f29fd26c2b69__d131adbe193db59acc1db36b6910ce59",
      "upstreamNodeId": "Container:21ef7e2a850d7885f29fd26c2b69",
      "downstreamNodeId": "ComputerSystem:d131adbe193db59acc1db36b6910ce59"
    }, {
      "className": "GuestContainer",
      "oid": "52801d1294a4ce4b92dc84205bf1bb28__d131adbe193db59acc1db36b6910ce59",
      "upstreamNodeId": "Container:52801d1294a4ce4b92dc84205bf1bb28",
      "downstreamNodeId": "ComputerSystem:d131adbe193db59acc1db36b6910ce59"
    }, {
      "className": "GuestContainer",
      "oid": "d1cfb8388972c04544808a145c6b5fb__d131adbe193db59acc1db36b6910ce59",
      "upstreamNodeId": "Container:d1cfb8388972c04544808a145c6b5fb",
      "downstreamNodeId": "ComputerSystem:d131adbe193db59acc1db36b6910ce59"
    }, {
      "className": "GuestContainer",
      "oid": "cfd6088b0cf5d106fb21924699c6568__d131adbe193db59acc1db36b6910ce59",
      "upstreamNodeId": "Container:cfd6088b0cf5d106fb21924699c6568",
      "downstreamNodeId": "ComputerSystem:d131adbe193db59acc1db36b6910ce59"
    }, {
      "className": "GuestContainer",
      "oid": "f6704a62ad83d69df193dc67c53bd9__d131adbe193db59acc1db36b6910ce59",
      "upstreamNodeId": "Container:f6704a62ad83d69df193dc67c53bd9",
      "downstreamNodeId": "ComputerSystem:d131adbe193db59acc1db36b6910ce59"
    }, {
      "className": "GuestContainer",
      "oid": "694aee88c162a6c3ccc577aa9d3254__d131adbe193db59acc1db36b6910ce59",
      "upstreamNodeId": "Container:694aee88c162a6c3ccc577aa9d3254",
      "downstreamNodeId": "ComputerSystem:d131adbe193db59acc1db36b6910ce59"
    }, {
      "oid": "43aa1ae7ad296628911afd01d6eab79__d131adbe193db59acc1db36b6910ce59",
      "className": "GuestContainer",
      "upstreamNodeId": "Container:43aa1ae7ad296628911afd01d6eab79",
      "downstreamNodeId": "ComputerSystem:d131adbe193db59acc1db36b6910ce59"
    }, {
      "oid": "ef332e7914e77b3a36eb0bafe4d27f1__d131adbe193db59acc1db36b6910ce59",
      "className": "GuestContainer",
      "upstreamNodeId": "Container:ef332e7914e77b3a36eb0bafe4d27f1",
      "downstreamNodeId": "ComputerSystem:d131adbe193db59acc1db36b6910ce59"
    }, {
      "className": "GuestContainer",
      "oid": "c885b3a753e97c44c3becb2a3d686a50__d131adbe193db59acc1db36b6910ce59",
      "upstreamNodeId": "Container:c885b3a753e97c44c3becb2a3d686a50",
      "downstreamNodeId": "ComputerSystem:d131adbe193db59acc1db36b6910ce59"
    }, {
      "className": "GuestContainer",
      "oid": "57186a6e49e041236af611a47129c5__d131adbe193db59acc1db36b6910ce59",
      "upstreamNodeId": "Container:57186a6e49e041236af611a47129c5",
      "downstreamNodeId": "ComputerSystem:d131adbe193db59acc1db36b6910ce59"
    }, {
      "oid": "979a46e8ccbf8db9ec557dd561d35bdf__d131adbe193db59acc1db36b6910ce59",
      "className": "GuestContainer",
      "upstreamNodeId": "Container:979a46e8ccbf8db9ec557dd561d35bdf",
      "downstreamNodeId": "ComputerSystem:d131adbe193db59acc1db36b6910ce59"
    }, {
      "className": "GuestContainer",
      "oid": "56cf1c497e3ab422795318607385__d131adbe193db59acc1db36b6910ce59",
      "upstreamNodeId": "Container:56cf1c497e3ab422795318607385",
      "downstreamNodeId": "ComputerSystem:d131adbe193db59acc1db36b6910ce59"
    }, {
      "className": "GuestContainer",
      "oid": "dc717f576d92e5ddd0ab2cce96dcc03b__d131adbe193db59acc1db36b6910ce59",
      "upstreamNodeId": "Container:dc717f576d92e5ddd0ab2cce96dcc03b",
      "downstreamNodeId": "ComputerSystem:d131adbe193db59acc1db36b6910ce59"
    }, {
      "className": "GuestContainer",
      "oid": "1166fb3d7ef1ccd94e195beddffb0b7__d131adbe193db59acc1db36b6910ce59",
      "upstreamNodeId": "Container:1166fb3d7ef1ccd94e195beddffb0b7",
      "downstreamNodeId": "ComputerSystem:d131adbe193db59acc1db36b6910ce59"
    }, {
      "oid": "eef746e7a1ed3438acbc93631d7851__d131adbe193db59acc1db36b6910ce59",
      "className": "GuestContainer",
      "upstreamNodeId": "Container:eef746e7a1ed3438acbc93631d7851",
      "downstreamNodeId": "ComputerSystem:d131adbe193db59acc1db36b6910ce59"
    }, {
      "className": "GuestContainer",
      "oid": "b179f7b5bf7add2a4b7a879a0b48088__d131adbe193db59acc1db36b6910ce59",
      "upstreamNodeId": "Container:b179f7b5bf7add2a4b7a879a0b48088",
      "downstreamNodeId": "ComputerSystem:d131adbe193db59acc1db36b6910ce59"
    }, {
      "className": "GuestContainer",
      "oid": "448c513ddb59e2ce69a89a23cefb4f__d131adbe193db59acc1db36b6910ce59",
      "upstreamNodeId": "Container:448c513ddb59e2ce69a89a23cefb4f",
      "downstreamNodeId": "ComputerSystem:d131adbe193db59acc1db36b6910ce59"
    }, {
      "className": "GuestContainer",
      "oid": "ca788cf0ba1040f49f2010121a5fded__d131adbe193db59acc1db36b6910ce59",
      "upstreamNodeId": "Container:ca788cf0ba1040f49f2010121a5fded",
      "downstreamNodeId": "ComputerSystem:d131adbe193db59acc1db36b6910ce59"
    }, {
      "className": "GuestContainer",
      "oid": "8fee61421bec2671c7415bcc3fae94fd__d131adbe193db59acc1db36b6910ce59",
      "upstreamNodeId": "Container:8fee61421bec2671c7415bcc3fae94fd",
      "downstreamNodeId": "ComputerSystem:d131adbe193db59acc1db36b6910ce59"
    }, {
      "className": "GuestContainer",
      "oid": "d83dd82f63d3e3e63866144b592dad__d131adbe193db59acc1db36b6910ce59",
      "upstreamNodeId": "Container:d83dd82f63d3e3e63866144b592dad",
      "downstreamNodeId": "ComputerSystem:d131adbe193db59acc1db36b6910ce59"
    }, {
      "className": "GuestContainer",
      "oid": "a5ef7d3976758f3adbd5ef6dd81238af__d131adbe193db59acc1db36b6910ce59",
      "upstreamNodeId": "Container:a5ef7d3976758f3adbd5ef6dd81238af",
      "downstreamNodeId": "ComputerSystem:d131adbe193db59acc1db36b6910ce59"
    }, {
      "oid": "ed6516c7b5d16e8f8719a18e74ae24b8__d131adbe193db59acc1db36b6910ce59",
      "className": "GuestContainer",
      "upstreamNodeId": "Container:ed6516c7b5d16e8f8719a18e74ae24b8",
      "downstreamNodeId": "ComputerSystem:d131adbe193db59acc1db36b6910ce59"
    }, {
      "className": "GuestContainer",
      "oid": "84fb6255fb86a2ad57491cc6777f1c2__d131adbe193db59acc1db36b6910ce59",
      "upstreamNodeId": "Container:84fb6255fb86a2ad57491cc6777f1c2",
      "downstreamNodeId": "ComputerSystem:d131adbe193db59acc1db36b6910ce59"
    }, {
      "className": "GuestContainer",
      "oid": "ea622cee19c094a6615d995c9c18eaa__d131adbe193db59acc1db36b6910ce59",
      "upstreamNodeId": "Container:ea622cee19c094a6615d995c9c18eaa",
      "downstreamNodeId": "ComputerSystem:d131adbe193db59acc1db36b6910ce59"
    }, {
      "className": "GuestContainer",
      "oid": "91dbf5af1fe855733de43efe52cb9162__d131adbe193db59acc1db36b6910ce59",
      "upstreamNodeId": "Container:91dbf5af1fe855733de43efe52cb9162",
      "downstreamNodeId": "ComputerSystem:d131adbe193db59acc1db36b6910ce59"
    }, {
      "className": "GuestContainer",
      "oid": "befa3041666a6c347f65a1168b6f27e__d131adbe193db59acc1db36b6910ce59",
      "upstreamNodeId": "Container:befa3041666a6c347f65a1168b6f27e",
      "downstreamNodeId": "ComputerSystem:d131adbe193db59acc1db36b6910ce59"
    }, {
      "className": "GuestContainer",
      "oid": "803997694a9ee7f5a8242e5667f35526__d131adbe193db59acc1db36b6910ce59",
      "upstreamNodeId": "Container:803997694a9ee7f5a8242e5667f35526",
      "downstreamNodeId": "ComputerSystem:d131adbe193db59acc1db36b6910ce59"
    }, {
      "className": "GuestContainer",
      "oid": "59a6db98a43aeb56814874fd4417bd__d131adbe193db59acc1db36b6910ce59",
      "upstreamNodeId": "Container:59a6db98a43aeb56814874fd4417bd",
      "downstreamNodeId": "ComputerSystem:d131adbe193db59acc1db36b6910ce59"
    }, {
      "oid": "994766debf8c2f55e04ccef3ebb5ff67__d131adbe193db59acc1db36b6910ce59",
      "className": "GuestContainer",
      "upstreamNodeId": "Container:994766debf8c2f55e04ccef3ebb5ff67",
      "downstreamNodeId": "ComputerSystem:d131adbe193db59acc1db36b6910ce59"
    }, {
      "className": "GuestContainer",
      "oid": "5b5b21da2debc7b8dd2bea3d2d69e__d131adbe193db59acc1db36b6910ce59",
      "upstreamNodeId": "Container:5b5b21da2debc7b8dd2bea3d2d69e",
      "downstreamNodeId": "ComputerSystem:d131adbe193db59acc1db36b6910ce59"
    }, {
      "className": "GuestContainer",
      "oid": "e3c257ad3b9e81c85a56263de950da__d131adbe193db59acc1db36b6910ce59",
      "upstreamNodeId": "Container:e3c257ad3b9e81c85a56263de950da",
      "downstreamNodeId": "ComputerSystem:d131adbe193db59acc1db36b6910ce59"
    }, {
      "className": "GuestContainer",
      "oid": "b48dba38c232e1c0a38aaf8cf622fa__d131adbe193db59acc1db36b6910ce59",
      "upstreamNodeId": "Container:b48dba38c232e1c0a38aaf8cf622fa",
      "downstreamNodeId": "ComputerSystem:d131adbe193db59acc1db36b6910ce59"
    }],
    "ContainerProducts": [{
      "className": "ContainerProducts",
      "oid": "6b8cd981de535b9b8b0baaeb7e8c5c__7e3825a25c778ac07610c14d77b85c",
      "upstreamNodeId": "ProductInstance:6b8cd981de535b9b8b0baaeb7e8c5c",
      "downstreamNodeId": "Container:7e3825a25c778ac07610c14d77b85c"
    }, {
      "className": "ContainerProducts",
      "oid": "119514b392a5784d965ceb98f3dbc__766a1d902a7c4176fdf37295f47f49f",
      "upstreamNodeId": "ProductInstance:119514b392a5784d965ceb98f3dbc",
      "downstreamNodeId": "Container:766a1d902a7c4176fdf37295f47f49f"
    }, {
      "oid": "ad34887737c96d863295a6667f236989__d6ace1fb89d4e91f206b5b2d68e98",
      "className": "ContainerProducts",
      "upstreamNodeId": "ProductInstance:ad34887737c96d863295a6667f236989",
      "downstreamNodeId": "Container:d6ace1fb89d4e91f206b5b2d68e98"
    }]
  }
}